renyi_eff_2.5,renyi_sim_eff_2.5,renyi_eff_3.0,avg_seq_len,vocab_size
0.19773132796064335,0.19773132796064335,0.1781438858871478,-32.83444891684525,29812
