renyi_eff_2.5,renyi_sim_eff_2.5,renyi_eff_3.0,avg_seq_len,vocab_size
0.8039230339243917,0.8039230339243917,0.7855020846244295,-63.78260869565217,333
