renyi_eff_2.5,renyi_sim_eff_2.5,renyi_eff_3.0,avg_seq_len,vocab_size
0.4882587046715798,0.49003305670657243,0.4591734686783785,-27.181491822895893,6627
