renyi_eff_2.5,renyi_sim_eff_2.5,renyi_eff_3.0,avg_seq_len,vocab_size
0.12843387801213188,0.1287636664959148,0.11564428670130673,-487.1078,25434
