renyi_eff_2.5,renyi_sim_eff_2.5,renyi_eff_3.0,avg_seq_len,vocab_size
0.47520823547699315,0.47520823547699315,0.44618662058999287,-38.86094569145417,18031
