renyi_eff_2.5,renyi_sim_eff_2.5,renyi_eff_3.0,avg_seq_len,vocab_size
0.5070245118028708,0.5211875083715145,0.4785385120373345,-57.98188035933034,20342
