renyi_eff_2.5,renyi_sim_eff_2.5,renyi_eff_3.0,avg_seq_len,vocab_size
0.7573204853838595,0.7573204853838595,0.7343342086056377,-63.03957457333663,434
