renyi_eff_2.5,renyi_sim_eff_2.5,renyi_eff_3.0,avg_seq_len,vocab_size
0.5224491272130367,0.5224491272130367,0.4931139421736918,-37.494197679071625,11069
