renyi_eff_2.5,renyi_sim_eff_2.5,renyi_eff_3.0,avg_seq_len,vocab_size
0.16298635256005747,0.16298635256005747,0.14680757726962604,-41.55848623853211,4182
