renyi_eff_2.5,renyi_sim_eff_2.5,renyi_eff_3.0,avg_seq_len,vocab_size
0.4114446232238953,0.5654968907714545,0.3817532310898655,-27.884244372990352,22649
