renyi_eff_2.5,renyi_sim_eff_2.5,renyi_eff_3.0,avg_seq_len,vocab_size
0.13706844336434046,0.13706844336434051,0.12351652392455417,-48.04076181053673,21776
