renyi_eff_2.5,renyi_sim_eff_2.5,renyi_eff_3.0,avg_seq_len,vocab_size
0.14220522240431774,0.14220522240431774,0.128123326383538,-48.0939896116745,21827
