renyi_eff_2.5,renyi_sim_eff_2.5,renyi_eff_3.0,avg_seq_len,vocab_size
0.15639888631264806,0.15639888631264806,0.14088550713360745,-42.768348623853214,4164
