renyi_eff_2.5,renyi_sim_eff_2.5,renyi_eff_3.0,avg_seq_len,vocab_size
0.5112887903292378,0.5112887903292378,0.483268998137418,-121.41547429782725,11242
