renyi_eff_2.5,renyi_sim_eff_2.5,renyi_eff_3.0,avg_seq_len,vocab_size
0.14284310229518585,0.14322725207465942,0.1286450509682461,-140.77670559214428,29401
