renyi_eff_2.5,renyi_sim_eff_2.5,renyi_eff_3.0,avg_seq_len,vocab_size
0.780235584559571,0.780235584559571,0.7647171277646749,-56.68208092485549,328
