renyi_eff_2.5,renyi_sim_eff_2.5,renyi_eff_3.0,avg_seq_len,vocab_size
0.6541480332463153,0.6582615673703167,0.6322228991401676,-71.81731649276954,16456
