renyi_eff_2.5,renyi_sim_eff_2.5,renyi_eff_3.0,avg_seq_len,vocab_size
0.4346496919729973,0.5585591740650242,0.4077229229206546,-46.2077613033132,19106
