renyi_eff_2.5,renyi_sim_eff_2.5,renyi_eff_3.0,avg_seq_len,vocab_size
0.5113964987674406,0.5130836971656417,0.48003985269557786,-569.435147299509,29705
