renyi_eff_2.5,renyi_sim_eff_2.5,renyi_eff_3.0,avg_seq_len,vocab_size
0.7985813246090673,0.7985813246090673,0.7809059825416678,-74.52300920368147,392
