renyi_eff_2.5,renyi_sim_eff_2.5,renyi_eff_3.0,avg_seq_len,vocab_size
0.6241533962361255,0.7430557204039583,0.5909078382374399,-44.286514605842335,3611
