renyi_eff_2.5,renyi_sim_eff_2.5,renyi_eff_3.0,avg_seq_len,vocab_size
0.46534048748433854,0.46534048748433854,0.43648492873934414,-51.891634632985536,14504
