renyi_eff_2.5,renyi_sim_eff_2.5,renyi_eff_3.0,avg_seq_len,vocab_size
0.5011528455788237,0.5011528455788237,0.4781596791881711,-31.278004969893495,24918
