renyi_eff_2.5,renyi_sim_eff_2.5,renyi_eff_3.0,avg_seq_len,vocab_size
0.5955990827433655,0.6003222017792714,0.5665568899670943,-35.861271676300575,4632
