renyi_eff_2.5,renyi_sim_eff_2.5,renyi_eff_3.0,avg_seq_len,vocab_size
0.6188430647742352,0.721947497683735,0.5843351544785957,-446.81671968632094,3967
