renyi_eff_2.5,renyi_sim_eff_2.5,renyi_eff_3.0,avg_seq_len,vocab_size
0.498924569768384,0.6135490517272889,0.4741122623068571,-22.684633027522935,4910
