renyi_eff_2.5,renyi_sim_eff_2.5,renyi_eff_3.0,avg_seq_len,vocab_size
0.4311721813886744,0.59552851940572,0.4058949706171612,-35.7695831424645,23642
