renyi_eff_2.5,renyi_sim_eff_2.5,renyi_eff_3.0,avg_seq_len,vocab_size
0.4412392360566637,0.6798733968446525,0.4186447776342385,-22.9638466186531,106373
