renyi_eff_2.5,renyi_sim_eff_2.5,renyi_eff_3.0,avg_seq_len,vocab_size
0.4785756546596361,0.4826343809406111,0.4502358479578276,-26.315915436777026,7094
