renyi_eff_2.5,renyi_sim_eff_2.5,renyi_eff_3.0,avg_seq_len,vocab_size
0.6139545942155946,0.7267407027131318,0.5781856427584143,-50.975772382552044,3609
