renyi_eff_2.5,renyi_sim_eff_2.5,renyi_eff_3.0,avg_seq_len,vocab_size
0.7493008020218019,0.7654772731971502,0.7214298315116715,-78.10765027322404
