renyi_eff_2.5,renyi_sim_eff_2.5,renyi_eff_3.0,avg_seq_len,vocab_size
0.5060451274431996,0.6181842368147288,0.48061652582200326,-23.547018348623855,4904
