renyi_eff_2.5,renyi_sim_eff_2.5,renyi_eff_3.0,avg_seq_len,vocab_size
0.48575554699957735,0.48575554699957735,0.45663411444202606,-42.27566549600448,13131
