renyi_eff_2.5,renyi_sim_eff_2.5,renyi_eff_3.0,avg_seq_len,vocab_size
0.5590397254636474,0.5624478384051919,0.5282242748946073,-25.511467889908257,4501
