renyi_eff_2.5,renyi_sim_eff_2.5,renyi_eff_3.0,avg_seq_len,vocab_size
0.5928480472877412,0.7415688381568618,0.5570089259059678,-49.65997276216417,3750
