renyi_eff_2.5,renyi_sim_eff_2.5,renyi_eff_3.0,avg_seq_len,vocab_size
0.45245636493381014,0.45658050452963456,0.42490425205577637,-97.29943232580388,29316
