renyi_eff_2.5,renyi_sim_eff_2.5,renyi_eff_3.0,avg_seq_len,vocab_size
0.7374542286404786,0.7375363084083824,0.7095120458799894,-287.44733298808904,31939
