renyi_eff_2.5,renyi_sim_eff_2.5,renyi_eff_3.0,avg_seq_len,vocab_size
0.17703362339990747,0.1770336233999075,0.15948803790281246,-61.77724402624737,19767
