renyi_eff_2.5,renyi_sim_eff_2.5,renyi_eff_3.0,avg_seq_len,vocab_size
0.5828080440948274,0.5882540897775396,0.5337366392826483,-22.059633027522935,5871
