renyi_eff_2.5,renyi_sim_eff_2.5,renyi_eff_3.0,avg_seq_len,vocab_size
0.5050531513598606,0.5097040613905625,0.4740491398922864,-101.43402225755167,16324
