renyi_eff_2.5,renyi_sim_eff_2.5,renyi_eff_3.0,avg_seq_len,vocab_size
0.5039929303973701,0.5039929303973701,0.47664127046404164,-51.46220025626945,14896
