renyi_eff_2.5,renyi_sim_eff_2.5,renyi_eff_3.0,avg_seq_len,vocab_size
0.7815909691653525,0.7815909691653525,0.7637544143874038,-118.4345597656965,418
