renyi_eff_2.5,renyi_sim_eff_2.5,renyi_eff_3.0,avg_seq_len,vocab_size
0.5942698001383648,0.6008539892005533,0.5632286652403143,-35.36416184971098,4862
