renyi_eff_2.5,renyi_sim_eff_2.5,renyi_eff_3.0,avg_seq_len,vocab_size
0.4943481810209312,0.6503820093521144,0.4670817024361795,-33.79911964785914,14395
