renyi_eff_2.5,renyi_sim_eff_2.5,renyi_eff_3.0,avg_seq_len,vocab_size
0.1415232356314397,0.14173203060240178,0.12742223368020428,-961.2082651391162,29148
