renyi_eff_2.5,renyi_sim_eff_2.5,renyi_eff_3.0,avg_seq_len,vocab_size
0.5107185770501311,0.5241402165336676,0.47921842986835983,-74.34907559948746,17547
