renyi_eff_2.5,renyi_sim_eff_2.5,renyi_eff_3.0,avg_seq_len,vocab_size
0.511597301580859,0.5122939953659431,0.48163536065073037,-57.45533891384238,19468
