renyi_eff_2.5,renyi_sim_eff_2.5,renyi_eff_3.0,avg_seq_len,vocab_size
0.39596377901801605,0.5677266853092732,0.37355699230664485,-698.7455131155085,61185
