renyi_eff_2.5,renyi_sim_eff_2.5,renyi_eff_3.0,avg_seq_len,vocab_size
0.7975726526508521,0.7975726526508521,0.7776253371917218,-237.41176470588235,379
