renyi_eff_2.5,renyi_sim_eff_2.5,renyi_eff_3.0,avg_seq_len,vocab_size
0.4253566565968379,0.426455270793454,0.3920861619666832,-28.880855800148403,22444
