renyi_eff_2.5,renyi_sim_eff_2.5,renyi_eff_3.0,avg_seq_len,vocab_size
0.1484106877988658,0.14874392540047196,0.13362764122494186,-83.44078345231557,15418
