renyi_eff_2.5,renyi_sim_eff_2.5,renyi_eff_3.0,avg_seq_len,vocab_size
0.3833867588612425,0.5595295528254756,0.35594955702609826,-26.288152362107347,37091
