renyi_eff_2.5,renyi_sim_eff_2.5,renyi_eff_3.0,avg_seq_len,vocab_size
0.42029146806527007,0.628423962183264,0.3965217383663256,-581.189852700491,57278
