renyi_eff_2.5,renyi_sim_eff_2.5,renyi_eff_3.0,avg_seq_len,vocab_size
0.5319420569003185,0.6477340456455032,0.50294225487902,-22.818807339449542,4981
