renyi_eff_2.5,renyi_sim_eff_2.5,renyi_eff_3.0,avg_seq_len,vocab_size
0.6632518158702668,0.675830966606599,0.6232110887947752,-34.98539217183285,22392
