renyi_eff_2.5,renyi_sim_eff_2.5,renyi_eff_3.0,avg_seq_len,vocab_size
0.49532329450879026,0.4997160189494738,0.45997457777472045,-25.296769046669326,8189
