renyi_eff_2.5,renyi_sim_eff_2.5,renyi_eff_3.0,avg_seq_len,vocab_size
0.6290055730331964,0.7768341434578778,0.5992607222822343,-91.8804686069925,3546
