renyi_eff_2.5,renyi_sim_eff_2.5,renyi_eff_3.0,avg_seq_len,vocab_size
0.4290801815771504,0.5774802124306134,0.4045222933884832,-733.4813008130081,31455
