renyi_eff_2.5,renyi_sim_eff_2.5,renyi_eff_3.0,avg_seq_len,vocab_size
0.5451546976882943,0.5451546976882943,0.5168775367954341,-28.216743119266056,3985
