renyi_eff_2.5,renyi_sim_eff_2.5,renyi_eff_3.0,avg_seq_len,vocab_size
0.45895786797322097,0.45895786797322097,0.434424085105206,-288.308,24683
