renyi_eff_2.5,renyi_sim_eff_2.5,renyi_eff_3.0,avg_seq_len,vocab_size
0.5856980392423653,0.684321853586768,0.5524776602832656,-964.7973308789692,3945
