renyi_eff_2.5,renyi_sim_eff_2.5,renyi_eff_3.0,avg_seq_len,vocab_size
0.45083362178513564,0.4639911555053241,0.42261054883521226,-48.8268350723046,16372
