renyi_eff_2.5,renyi_sim_eff_2.5,renyi_eff_3.0,avg_seq_len,vocab_size
0.5254536327622492,0.5275512508154211,0.4974298458383945,-25.119266055045873,4564
