renyi_eff_2.5,renyi_sim_eff_2.5,renyi_eff_3.0,avg_seq_len,vocab_size
0.533228621327447,0.533228621327447,0.5015860409859445,-78.88559399597291,13203
