renyi_eff_2.5,renyi_sim_eff_2.5,renyi_eff_3.0,avg_seq_len,vocab_size
0.7898590779110374,0.7898590779110374,0.7694797135894011,-724.381179255752,467
