renyi_eff_2.5,renyi_sim_eff_2.5,renyi_eff_3.0,avg_seq_len,vocab_size
0.48091960485361146,0.49182556969018865,0.45463314989286013,-108.18733439321674,14361
