renyi_eff_2.5,renyi_sim_eff_2.5,renyi_eff_3.0,avg_seq_len,vocab_size
0.1460487310224579,0.14605440926642219,0.13149616023442445,-519.888288821484,31915
