renyi_eff_2.5,renyi_sim_eff_2.5,renyi_eff_3.0,avg_seq_len,vocab_size
0.6337378879332102,0.636932863962498,0.601097369116826,-33.92601156069364,5050
