renyi_eff_2.5,renyi_sim_eff_2.5,renyi_eff_3.0,avg_seq_len,vocab_size
0.6963686313387736,0.7001086545978055,0.6612769196962416,-515.3267184942716,30421
