renyi_eff_2.5,renyi_sim_eff_2.5,renyi_eff_3.0,avg_seq_len,vocab_size
0.45679604976974547,0.6385942651172538,0.43221700695806115,-101.0344462109168,18743
