renyi_eff_2.5,renyi_sim_eff_2.5,renyi_eff_3.0,avg_seq_len,vocab_size
0.44780617536515405,0.4479874486853432,0.42187549093228055,-830.7943396226415,28658
