renyi_eff_2.5,renyi_sim_eff_2.5,renyi_eff_3.0,avg_seq_len,vocab_size
0.14735623131587255,0.1476906302574726,0.13274004898420347,-44.4726765057838,7795
