renyi_eff_2.5,renyi_sim_eff_2.5,renyi_eff_3.0,avg_seq_len,vocab_size
0.3986258045399065,0.6219054054397799,0.37610752364729294,-327.8043352814974,123671
