renyi_eff_2.5,renyi_sim_eff_2.5,renyi_eff_3.0,avg_seq_len,vocab_size
0.3740581930748973,0.5375420532905383,0.3519376553826917,-78.89673943121892,103352
