renyi_eff_2.5,renyi_sim_eff_2.5,renyi_eff_3.0,avg_seq_len,vocab_size
0.4320915214179499,0.6288295835983854,0.4087266224390523,-274.6758,38987
