renyi_eff_2.5,renyi_sim_eff_2.5,renyi_eff_3.0,avg_seq_len,vocab_size
0.4889437576825072,0.6082461708490073,0.4601740519147161,-86.62622950819672
