renyi_eff_2.5,renyi_sim_eff_2.5,renyi_eff_3.0,avg_seq_len,vocab_size
0.5874367488631936,0.6940415722276916,0.5532458607017171,-35.757479058635816,3004
