renyi_eff_2.5,renyi_sim_eff_2.5,renyi_eff_3.0,avg_seq_len,vocab_size
0.4248634372549273,0.43047256882395857,0.3994370635029157,-83.21611546398273,31909
