renyi_eff_2.5,renyi_sim_eff_2.5,renyi_eff_3.0,avg_seq_len,vocab_size
0.643743752054288,0.7986139815782404,0.6213837722323593,-32.614089450776355,3928
