renyi_eff_2.5,renyi_sim_eff_2.5,renyi_eff_3.0,avg_seq_len,vocab_size
0.4397430624697907,0.4423916842167636,0.4066379800906317,-30.300939896116745,18188
