renyi_eff_2.5,renyi_sim_eff_2.5,renyi_eff_3.0,avg_seq_len,vocab_size
0.5326976825023952,0.5349519145052307,0.5004843714352604,-49.91140399048142,15649
