renyi_eff_2.5,renyi_sim_eff_2.5,renyi_eff_3.0,avg_seq_len,vocab_size
0.4609621044156163,0.633439158863435,0.43457843231085974,-350.1660871495154,31902
