renyi_eff_2.5,renyi_sim_eff_2.5,renyi_eff_3.0,avg_seq_len,vocab_size
0.4768784412491542,0.6428018331026899,0.4507877891445554,-107.08081611022787,14929
