renyi_eff_2.5,renyi_sim_eff_2.5,renyi_eff_3.0,avg_seq_len,vocab_size
0.5187581793837674,0.6916554130484832,0.4858779976409403,-74.74006955885045,15962
