renyi_eff_2.5,renyi_sim_eff_2.5,renyi_eff_3.0,avg_seq_len,vocab_size
0.42281350105548615,0.584740474042313,0.391048819563609,-29.05938659411328,22988
