renyi_eff_2.5,renyi_sim_eff_2.5,renyi_eff_3.0,avg_seq_len,vocab_size
0.41284024194783187,0.42342795120080556,0.3827785942155457,-28.33086816720257,22170
