renyi_eff_2.5,renyi_sim_eff_2.5,renyi_eff_3.0,avg_seq_len,vocab_size
0.46415192497127444,0.5890522258398115,0.4373545386133363,-79.11530054644808
