renyi_eff_2.5,renyi_sim_eff_2.5,renyi_eff_3.0,avg_seq_len,vocab_size
0.47693003052234656,0.47693003052234656,0.4435378307517315,-86.08811204844997,28592
