renyi_eff_2.5,renyi_sim_eff_2.5,renyi_eff_3.0,avg_seq_len,vocab_size
0.4539125939627625,0.4539125939627625,0.42543565958382756,-759.5501227495909,18638
