renyi_eff_2.5,renyi_sim_eff_2.5,renyi_eff_3.0,avg_seq_len,vocab_size
0.5149426894544129,0.52011940490925,0.4794803636697604,-27.112762799901063,24311
