renyi_eff_2.5,renyi_sim_eff_2.5,renyi_eff_3.0,avg_seq_len,vocab_size
0.4279123026035995,0.43223852545742936,0.40331874620542457,-743.7309096487191,31846
