renyi_eff_2.5,renyi_sim_eff_2.5,renyi_eff_3.0,avg_seq_len,vocab_size
0.49711387441094707,0.6613657678341915,0.46456183012320124,-70.8665568369028,21355
