renyi_eff_2.5,renyi_sim_eff_2.5,renyi_eff_3.0,avg_seq_len,vocab_size
0.4576976846405645,0.4576976846405645,0.43082484606471966,-38.52837583346058,17248
