renyi_eff_2.5,renyi_sim_eff_2.5,renyi_eff_3.0,avg_seq_len,vocab_size
0.6079762568851755,0.7266449493676083,0.57540300052346,-140.3455219925808,3580
