renyi_eff_2.5,renyi_sim_eff_2.5,renyi_eff_3.0,avg_seq_len,vocab_size
0.7414405609629139,0.7602690923150281,0.7128787383664026,-90.98039215686275,19880
