renyi_eff_2.5,renyi_sim_eff_2.5,renyi_eff_3.0,avg_seq_len,vocab_size
0.49873104814860253,0.49873104814860253,0.46885749459133785,-28.40207419226167,6322
