renyi_eff_2.5,renyi_sim_eff_2.5,renyi_eff_3.0,avg_seq_len,vocab_size
0.6146421001068518,0.7285245250126303,0.580068878149483,-115.8448087431694
