renyi_eff_2.5,renyi_sim_eff_2.5,renyi_eff_3.0,avg_seq_len,vocab_size
0.4588448366631524,0.6365865471703376,0.4325935644957684,-620.4734042553191,28676
