renyi_eff_2.5,renyi_sim_eff_2.5,renyi_eff_3.0,avg_seq_len,vocab_size
0.6965773654053298,0.7109490643135298,0.6532734321238179,-33.29205476663104,22032
