renyi_eff_2.5,renyi_sim_eff_2.5,renyi_eff_3.0,avg_seq_len,vocab_size
0.47399480734708205,0.6417571266218703,0.4482633924510947,-31.607242897158862,17352
