renyi_eff_2.5,renyi_sim_eff_2.5,renyi_eff_3.0,avg_seq_len,vocab_size
0.18418660540890577,0.18418660540890575,0.1659009383296023,-108.12355848434926,15380
