renyi_eff_2.5,renyi_sim_eff_2.5,renyi_eff_3.0,avg_seq_len,vocab_size
0.47681558291881687,0.6001501424769128,0.4486206892119365,-26.142002393298764,7166
