renyi_eff_2.5,renyi_sim_eff_2.5,renyi_eff_3.0,avg_seq_len,vocab_size
0.566379729537455,0.5713120261286794,0.5350650096144428,-40.57593165779374,21617
