renyi_eff_2.5,renyi_sim_eff_2.5,renyi_eff_3.0,avg_seq_len,vocab_size
0.5129306964578303,0.5154895274554,0.482476854857761,-32.65126050420168,15165
