renyi_eff_2.5,renyi_sim_eff_2.5,renyi_eff_3.0,avg_seq_len,vocab_size
0.48997532569103586,0.5043773759797301,0.4635077274702979,-48.834157056562326,16750
