renyi_eff_2.5,renyi_sim_eff_2.5,renyi_eff_3.0,avg_seq_len,vocab_size
0.4526254960681014,0.4526254960681014,0.42507667484597345,-94.81598817213653,26701
