renyi_eff_2.5,renyi_sim_eff_2.5,renyi_eff_3.0,avg_seq_len,vocab_size
0.5036288361042625,0.5101735810852976,0.473834983810521,-91.43989071038251
