renyi_eff_2.5,renyi_sim_eff_2.5,renyi_eff_3.0,avg_seq_len,vocab_size
0.4543749820481692,0.6415928900585255,0.4198673520015404,-40.04949857620404,30970
