renyi_eff_2.5,renyi_sim_eff_2.5,renyi_eff_3.0,avg_seq_len,vocab_size
0.49698692110007026,0.49698692110007026,0.4688702094106472,-33.78451380552221,14176
