renyi_eff_2.5,renyi_sim_eff_2.5,renyi_eff_3.0,avg_seq_len,vocab_size
0.4911981933217105,0.4911981933217105,0.463221469699472,-88.30655737704917
