renyi_eff_2.5,renyi_sim_eff_2.5,renyi_eff_3.0,avg_seq_len,vocab_size
0.7881919559791364,0.7881919559791364,0.771662845312892,-118.44993593263774,422
