renyi_eff_2.5,renyi_sim_eff_2.5,renyi_eff_3.0,avg_seq_len,vocab_size
0.6533337042934894,0.7957780676172959,0.6295408929828854,-41.49364161849711,2283
