renyi_eff_2.5,renyi_sim_eff_2.5,renyi_eff_3.0,avg_seq_len,vocab_size
0.44113327962328547,0.44113327962328547,0.41562750603212695,-777.108958429207,28539
