renyi_eff_2.5,renyi_sim_eff_2.5,renyi_eff_3.0,avg_seq_len,vocab_size
0.4840035891311115,0.48967032619004075,0.4479560142172875,-42.094738145350995,18824
