renyi_eff_2.5,renyi_sim_eff_2.5,renyi_eff_3.0,avg_seq_len,vocab_size
0.37078364876353204,0.5646148439312239,0.34996507566022356,-678.524221506366,113553
