renyi_eff_2.5,renyi_sim_eff_2.5,renyi_eff_3.0,avg_seq_len,vocab_size
0.5240014371585408,0.529705085943977,0.4819164727446828,-24.653623546871135,24494
