renyi_eff_2.5,renyi_sim_eff_2.5,renyi_eff_3.0,avg_seq_len,vocab_size
0.5775609626504682,0.7095783573058451,0.5460929788759896,-33.452023121387285,5653
