renyi_eff_2.5,renyi_sim_eff_2.5,renyi_eff_3.0,avg_seq_len,vocab_size
0.475979558096415,0.475979558096415,0.44910889967834083,-383.58360582969595,28513
