renyi_eff_2.5,renyi_sim_eff_2.5,renyi_eff_3.0,avg_seq_len,vocab_size
0.4949304046608552,0.4971514864727657,0.4643895016429145,-41.15966814271899,14273
