renyi_eff_2.5,renyi_sim_eff_2.5,renyi_eff_3.0,avg_seq_len,vocab_size
0.6799269208922383,0.6898199669141737,0.6403306156563596,-47.78583196046129,17085
