renyi_eff_2.5,renyi_sim_eff_2.5,renyi_eff_3.0,avg_seq_len,vocab_size
0.5610391754479537,0.6718920814544905,0.5195228860355983,-37.42265644323522,3802
