renyi_eff_2.5,renyi_sim_eff_2.5,renyi_eff_3.0,avg_seq_len,vocab_size
0.478510426906937,0.4811327273917865,0.4435027609748624,-42.397375263092734,20917
