renyi_eff_2.5,renyi_sim_eff_2.5,renyi_eff_3.0,avg_seq_len,vocab_size
0.5186883884576071,0.5253533136955499,0.4878855058696723,-57.83493262556146,17355
