renyi_eff_2.5,renyi_sim_eff_2.5,renyi_eff_3.0,avg_seq_len,vocab_size
0.6027569067236569,0.7185256134192587,0.5687679163936772,-123.30613293696287,3889
