renyi_eff_2.5,renyi_sim_eff_2.5,renyi_eff_3.0,avg_seq_len,vocab_size
0.7139590163477819,0.7139590163477819,0.6837909262826118,-625.6755177174414,30828
