renyi_eff_2.5,renyi_sim_eff_2.5,renyi_eff_3.0,avg_seq_len,vocab_size
0.48034389601041416,0.4804427467858022,0.4518572257319889,-26.440765855604308,7187
