renyi_eff_2.5,renyi_sim_eff_2.5,renyi_eff_3.0,avg_seq_len,vocab_size
0.7570091785785671,0.7570091785785671,0.7340978728641644,-61.22686124165224,430
