renyi_eff_2.5,renyi_sim_eff_2.5,renyi_eff_3.0,avg_seq_len,vocab_size
0.47119812527238336,0.7034802567468997,0.44738077156974065,-24.260820039732845,58964
