renyi_eff_2.5,renyi_sim_eff_2.5,renyi_eff_3.0,avg_seq_len,vocab_size
0.4449731198261334,0.6233740104868496,0.4180029876321235,-36.116964422049165,26214
