renyi_eff_2.5,renyi_sim_eff_2.5,renyi_eff_3.0,avg_seq_len,vocab_size
0.4296774729863858,0.4418465290388521,0.40268931011371617,-694.7569558101472,25131
