renyi_eff_2.5,renyi_sim_eff_2.5,renyi_eff_3.0,avg_seq_len,vocab_size
0.5241856611259453,0.6422062923860367,0.4958132936811997,-21.93692660550459,5015
