renyi_eff_2.5,renyi_sim_eff_2.5,renyi_eff_3.0,avg_seq_len,vocab_size
0.7653471818214556,0.7653471818214556,0.731642925728913,-54.05045871559633,278
