renyi_eff_2.5,renyi_sim_eff_2.5,renyi_eff_3.0,avg_seq_len,vocab_size
0.480089730972304,0.48079757625837183,0.44888129897440243,-687.5321981899065,31303
