renyi_eff_2.5,renyi_sim_eff_2.5,renyi_eff_3.0,avg_seq_len,vocab_size
0.49309446940398904,0.4938131838387656,0.4591569117708323,-42.05363377491643,20066
