renyi_eff_2.5,renyi_sim_eff_2.5,renyi_eff_3.0,avg_seq_len,vocab_size
0.4964100051339751,0.499975015897992,0.4639104677103349,-36.778846643253424,18623
