renyi_eff_2.5,renyi_sim_eff_2.5,renyi_eff_3.0,avg_seq_len,vocab_size
0.45789838548976114,0.4716958329893809,0.4329180165557626,-289.0278,25593
