renyi_eff_2.5,renyi_sim_eff_2.5,renyi_eff_3.0,avg_seq_len,vocab_size
0.438282817756144,0.6189163941575508,0.40458230040478577,-38.47958400396187,40769
