renyi_eff_2.5,renyi_sim_eff_2.5,renyi_eff_3.0,avg_seq_len,vocab_size
0.6118075525953914,0.7242583929021158,0.5820314600291957,-32.54816513761468,2345
