renyi_eff_2.5,renyi_sim_eff_2.5,renyi_eff_3.0,avg_seq_len,vocab_size
0.47688614991979567,0.47910136130031555,0.44219793620926073,-50.35877722862896,15323
