renyi_eff_2.5,renyi_sim_eff_2.5,renyi_eff_3.0,avg_seq_len,vocab_size
0.39671564922226576,0.40064056336855863,0.3680438915782263,-403.1866390471258,31645
