renyi_eff_2.5,renyi_sim_eff_2.5,renyi_eff_3.0,avg_seq_len,vocab_size
0.5175695300412151,0.5201631780056463,0.49068351405956157,-24.887614678899084,4720
