renyi_eff_2.5,renyi_sim_eff_2.5,renyi_eff_3.0,avg_seq_len,vocab_size
0.13284466289663066,0.13359730078066306,0.11961459960377038,-183.64069952305246,15892
