renyi_eff_2.5,renyi_sim_eff_2.5,renyi_eff_3.0,avg_seq_len,vocab_size
0.42890911143884913,0.42916523447820687,0.39979522147358,-27.68822656443235,21917
