renyi_eff_2.5,renyi_sim_eff_2.5,renyi_eff_3.0,avg_seq_len,vocab_size
0.6466248765499097,0.767343717871484,0.6151756109535322,-71.84989932271645,3536
