renyi_eff_2.5,renyi_sim_eff_2.5,renyi_eff_3.0,avg_seq_len,vocab_size
0.606306120661523,0.7142627491424619,0.569822706463766,-72.21233754347428,3500
