renyi_eff_2.5,renyi_sim_eff_2.5,renyi_eff_3.0,avg_seq_len,vocab_size
0.6394581690375472,0.757534813881461,0.6077740333202543,-31.791284403669724,2347
