renyi_eff_2.5,renyi_sim_eff_2.5,renyi_eff_3.0,avg_seq_len,vocab_size
0.4136791256089768,0.414309030578859,0.38389540309251136,-28.238634677219885,22138
