renyi_eff_2.5,renyi_sim_eff_2.5,renyi_eff_3.0,avg_seq_len,vocab_size
0.513356823117194,0.5164967457498083,0.48482180327958124,-35.66366546618647,11896
