renyi_eff_2.5,renyi_sim_eff_2.5,renyi_eff_3.0,avg_seq_len,vocab_size
0.6065186878788739,0.6065186878788739,0.5783330058905816,-37.33872832369942,4150
