renyi_eff_2.5,renyi_sim_eff_2.5,renyi_eff_3.0,avg_seq_len,vocab_size
0.5332884376338786,0.5364102655199428,0.5034725729957363,-37.07171578358019,19191
