renyi_eff_2.5,renyi_sim_eff_2.5,renyi_eff_3.0,avg_seq_len,vocab_size
0.4380044280354454,0.4380044280354454,0.40573671742500145,-31.180410586198366,16867
