renyi_eff_2.5,renyi_sim_eff_2.5,renyi_eff_3.0,avg_seq_len,vocab_size
0.5191797039743972,0.6288522455616073,0.4927708761338246,-24.89908256880734,4689
