renyi_eff_2.5,renyi_sim_eff_2.5,renyi_eff_3.0,avg_seq_len,vocab_size
0.5491934849431472,0.5499837171801781,0.5168589561294993,-55.750969783585134,19483
