renyi_eff_2.5,renyi_sim_eff_2.5,renyi_eff_3.0,avg_seq_len,vocab_size
0.17583628221364173,0.1758362822136417,0.158337702702214,-82.72453042057982,19193
