renyi_eff_2.5,renyi_sim_eff_2.5,renyi_eff_3.0,avg_seq_len,vocab_size
0.5321266643253211,0.5351019885462629,0.5047230974412874,-26.253440366972477,4453
