renyi_eff_2.5,renyi_sim_eff_2.5,renyi_eff_3.0,avg_seq_len,vocab_size
0.624046150656446,0.7826621353022514,0.5962481740177243,-67.83044099632502,3630
