renyi_eff_2.5,renyi_sim_eff_2.5,renyi_eff_3.0,avg_seq_len,vocab_size
0.607790608892267,0.7202710867017095,0.5750294544254837,-367.4676,3751
