renyi_eff_2.5,renyi_sim_eff_2.5,renyi_eff_3.0,avg_seq_len,vocab_size
0.47580360762348967,0.4787809229201203,0.44959965191303203,-299.4436,19676
