renyi_eff_2.5,renyi_sim_eff_2.5,renyi_eff_3.0,avg_seq_len,vocab_size
0.5489173373865025,0.6545641975992986,0.5092485805681208,-36.18877071481573,3789
