renyi_eff_2.5,renyi_sim_eff_2.5,renyi_eff_3.0,avg_seq_len,vocab_size
0.4032673293939023,0.5786831641800374,0.3730906671123387,-27.95965866930497,32162
