renyi_eff_2.5,renyi_sim_eff_2.5,renyi_eff_3.0,avg_seq_len,vocab_size
0.47156352528294226,0.6614865723276955,0.441866115765441,-52.363515720702324,35843
