renyi_eff_2.5,renyi_sim_eff_2.5,renyi_eff_3.0,avg_seq_len,vocab_size
0.7492409387233305,0.7492409387233305,0.7296277107823698,-67.4696298130494,428
