renyi_eff_2.5,renyi_sim_eff_2.5,renyi_eff_3.0,avg_seq_len,vocab_size
0.7314309653757954,0.7368045411711822,0.7040044424029976,-242.911,26733
