renyi_eff_2.5,renyi_sim_eff_2.5,renyi_eff_3.0,avg_seq_len,vocab_size
0.4478848203674187,0.4478848203674187,0.4137430527283532,-32.38169675983181,17093
