renyi_eff_2.5,renyi_sim_eff_2.5,renyi_eff_3.0,avg_seq_len,vocab_size
0.4686117154908141,0.5967584320114653,0.4411331984535998,-25.25129637016354,7409
