renyi_eff_2.5,renyi_sim_eff_2.5,renyi_eff_3.0,avg_seq_len,vocab_size
0.4726897198900195,0.48546228607370506,0.44399072920106847,-38.9753142973482,18469
