renyi_eff_2.5,renyi_sim_eff_2.5,renyi_eff_3.0,avg_seq_len,vocab_size
0.7940093647001276,0.7940093647001276,0.7741993963618933,-1295.143821603928,439
