renyi_eff_2.5,renyi_sim_eff_2.5,renyi_eff_3.0,avg_seq_len,vocab_size
0.488552470051811,0.6425210859190496,0.45863486557318184,-37.776668364747835,14862
