renyi_eff_2.5,renyi_sim_eff_2.5,renyi_eff_3.0,avg_seq_len,vocab_size
0.4005870803262205,0.5478958230194169,0.37665772660770713,-82.44029538033381,57560
