renyi_eff_2.5,renyi_sim_eff_2.5,renyi_eff_3.0,avg_seq_len,vocab_size
0.4091095030044372,0.409298519287987,0.37936814192551777,-432.0855367315233,28649
