renyi_eff_2.5,renyi_sim_eff_2.5,renyi_eff_3.0,avg_seq_len,vocab_size
0.4263391847051364,0.6251386909419953,0.40212180328770053,-336.2061404157727,63522
