renyi_eff_2.5,renyi_sim_eff_2.5,renyi_eff_3.0,avg_seq_len,vocab_size
0.6303996481706304,0.6368544425560131,0.6081622483702585,-53.60739077174357,21348
