renyi_eff_2.5,renyi_sim_eff_2.5,renyi_eff_3.0,avg_seq_len,vocab_size
0.5387112344492925,0.5390112341297403,0.5123522198054273,-25.05389652947705,29984
