renyi_eff_2.5,renyi_sim_eff_2.5,renyi_eff_3.0,avg_seq_len,vocab_size
0.4804934890313789,0.6438956479190523,0.4542250529916739,-32.426770708283314,16530
