renyi_eff_2.5,renyi_sim_eff_2.5,renyi_eff_3.0,avg_seq_len,vocab_size
0.47829979256080835,0.47829979256080835,0.4520914099233785,-107.2631160572337,14740
