renyi_eff_2.5,renyi_sim_eff_2.5,renyi_eff_3.0,avg_seq_len,vocab_size
0.4930711518897472,0.4930711518897472,0.4588444986674682,-44.661136560604184,16727
