renyi_eff_2.5,renyi_sim_eff_2.5,renyi_eff_3.0,avg_seq_len,vocab_size
0.5201721368845513,0.5208433660824991,0.48780388405763714,-75.64891085484166,15599
