renyi_eff_2.5,renyi_sim_eff_2.5,renyi_eff_3.0,avg_seq_len,vocab_size
0.48078315606900424,0.6342048118199555,0.4487548121360364,-67.76002196595277,26393
