renyi_eff_2.5,renyi_sim_eff_2.5,renyi_eff_3.0,avg_seq_len,vocab_size
0.5041491795246842,0.5152640790105457,0.4825671114044785,-28.053043128183358,31266
