renyi_eff_2.5,renyi_sim_eff_2.5,renyi_eff_3.0,avg_seq_len,vocab_size
0.5288975937650499,0.5288975937650499,0.499846701922047,-55.302397949844405,11761
