renyi_eff_2.5,renyi_sim_eff_2.5,renyi_eff_3.0,avg_seq_len,vocab_size
0.47232226994831394,0.5939715703207977,0.444837101488405,-81.82021857923498
