renyi_eff_2.5,renyi_sim_eff_2.5,renyi_eff_3.0,avg_seq_len,vocab_size
0.4867979323551896,0.48954812823947713,0.4558662993291966,-55.56196229178107,12166
