renyi_eff_2.5,renyi_sim_eff_2.5,renyi_eff_3.0,avg_seq_len,vocab_size
0.8079319728993104,0.8079319728993104,0.7902075970647034,-186.18196721311475
