renyi_eff_2.5,renyi_sim_eff_2.5,renyi_eff_3.0,avg_seq_len,vocab_size
0.7513865250598711,0.751386525059871,0.7271569811838098,-47.61249224595785,458
