renyi_eff_2.5,renyi_sim_eff_2.5,renyi_eff_3.0,avg_seq_len,vocab_size
0.7041822712523308,0.7122586966948078,0.6794683675178955,-32.9364161849711,5549
