renyi_eff_2.5,renyi_sim_eff_2.5,renyi_eff_3.0,avg_seq_len,vocab_size
0.6692105210919156,0.6783471734744145,0.6315040064380256,-49.07120629690646,17383
