renyi_eff_2.5,renyi_sim_eff_2.5,renyi_eff_3.0,avg_seq_len,vocab_size
0.48975800590109836,0.48975800590109836,0.4585854522021588,-55.56836902800659,11447
