renyi_eff_2.5,renyi_sim_eff_2.5,renyi_eff_3.0,avg_seq_len,vocab_size
0.7000490910785724,0.7179202193939672,0.6521475076146338,-23.128440366972477,10227
