renyi_eff_2.5,renyi_sim_eff_2.5,renyi_eff_3.0,avg_seq_len,vocab_size
0.4627735092131155,0.6394254081145474,0.4377294473509958,-103.11287758346582,17715
