renyi_eff_2.5,renyi_sim_eff_2.5,renyi_eff_3.0,avg_seq_len,vocab_size
0.5307120873254805,0.5328300882613434,0.49714987467851957,-76.79425224235767,13771
