renyi_eff_2.5,renyi_sim_eff_2.5,renyi_eff_3.0,avg_seq_len,vocab_size
0.14579138999908878,0.14626276035329439,0.1313267730381544,-85.1211788394655,15230
