renyi_eff_2.5,renyi_sim_eff_2.5,renyi_eff_3.0,avg_seq_len,vocab_size
0.48503977262685616,0.4952404796187421,0.4566839896654159,-85.37486338797814
