renyi_eff_2.5,renyi_sim_eff_2.5,renyi_eff_3.0,avg_seq_len,vocab_size
0.4566416393288008,0.6338105890269913,0.43171544216550767,-285.3122,25294
