renyi_eff_2.5,renyi_sim_eff_2.5,renyi_eff_3.0,avg_seq_len,vocab_size
0.39286649238183136,0.5608094561144521,0.3646681673376184,-26.871827850605985,31353
