renyi_eff_2.5,renyi_sim_eff_2.5,renyi_eff_3.0,avg_seq_len,vocab_size
0.5533505684230103,0.5557129429753611,0.5211129633684107,-24.288990825688074,4605
