renyi_eff_2.5,renyi_sim_eff_2.5,renyi_eff_3.0,avg_seq_len,vocab_size
0.5268055722498359,0.5268055722498359,0.49819482343898164,-60.50280726827276,15243
