renyi_eff_2.5,renyi_sim_eff_2.5,renyi_eff_3.0,avg_seq_len,vocab_size
0.5174287320725914,0.5174691863901668,0.48465422613846293,-320.24253902493155,31928
