renyi_eff_2.5,renyi_sim_eff_2.5,renyi_eff_3.0,avg_seq_len,vocab_size
0.5948747761441157,0.6978512177759203,0.5598225884122049,-50.33236626456966,3572
