renyi_eff_2.5,renyi_sim_eff_2.5,renyi_eff_3.0,avg_seq_len,vocab_size
0.5752658775123619,0.5752658775123619,0.5441721455832911,-27.52866972477064,3996
