renyi_eff_2.5,renyi_sim_eff_2.5,renyi_eff_3.0,avg_seq_len,vocab_size
0.8093418451712365,0.8093418451712365,0.7905991700405648,-86.18710235659388,350
