renyi_eff_2.5,renyi_sim_eff_2.5,renyi_eff_3.0,avg_seq_len,vocab_size
0.4428357105275969,0.4444525147459337,0.4167169854057848,-90.05370767150798,29691
