renyi_eff_2.5,renyi_sim_eff_2.5,renyi_eff_3.0,avg_seq_len,vocab_size
0.4711448728191434,0.6158680937909933,0.4459899641926694,-45.90939044481054,20111
