renyi_eff_2.5,renyi_sim_eff_2.5,renyi_eff_3.0,avg_seq_len,vocab_size
0.45393557125097594,0.6258710397883869,0.42628236954704357,-37.087392477222984,23591
