renyi_eff_2.5,renyi_sim_eff_2.5,renyi_eff_3.0,avg_seq_len,vocab_size
0.4360885050174061,0.5688045464941178,0.4097322608840137,-88.12143325875033,30256
