renyi_eff_2.5,renyi_sim_eff_2.5,renyi_eff_3.0,avg_seq_len,vocab_size
0.6202645787121882,0.631431521108338,0.5800564831513757,-30.91936774709884,18016
