renyi_eff_2.5,renyi_sim_eff_2.5,renyi_eff_3.0,avg_seq_len,vocab_size
0.5456858388337493,0.6589478723833958,0.5157638310140815,-24.178899082568808,4732
