renyi_eff_2.5,renyi_sim_eff_2.5,renyi_eff_3.0,avg_seq_len,vocab_size
0.5017421503160033,0.6354091458894126,0.4743698432177483,-50.73347977301849,15116
