renyi_eff_2.5,renyi_sim_eff_2.5,renyi_eff_3.0,avg_seq_len,vocab_size
0.4235921850998698,0.4343444591651169,0.3914700427370512,-29.533959930744498,22378
