renyi_eff_2.5,renyi_sim_eff_2.5,renyi_eff_3.0,avg_seq_len,vocab_size
0.44736185852958577,0.44779366092107326,0.41453444706898873,-28.08382389314865,22055
