renyi_eff_2.5,renyi_sim_eff_2.5,renyi_eff_3.0,avg_seq_len,vocab_size
0.4817614813940151,0.6213975200706915,0.45578405424356677,-47.69851729818781,18383
