renyi_eff_2.5,renyi_sim_eff_2.5,renyi_eff_3.0,avg_seq_len,vocab_size
0.5278449003853242,0.5315811266166831,0.49298976295138036,-84.06502732240438
