renyi_eff_2.5,renyi_sim_eff_2.5,renyi_eff_3.0,avg_seq_len,vocab_size
0.4934256040229623,0.5037232201078788,0.4660707609431955,-33.97278911564626,14363
