renyi_eff_2.5,renyi_sim_eff_2.5,renyi_eff_3.0,avg_seq_len,vocab_size
0.6032765923559088,0.6098722326601047,0.5551753961350374,-22.682339449541285,5790
