renyi_eff_2.5,renyi_sim_eff_2.5,renyi_eff_3.0,avg_seq_len,vocab_size
0.444268606767303,0.563482515900959,0.41651969375499626,-47.93227164561596,17654
