renyi_eff_2.5,renyi_sim_eff_2.5,renyi_eff_3.0,avg_seq_len,vocab_size
0.5095476956772361,0.7132607503814993,0.4794975902568992,-57.14602899142507,19871
