renyi_eff_2.5,renyi_sim_eff_2.5,renyi_eff_3.0,avg_seq_len,vocab_size
0.4338290127401312,0.6315840798480218,0.40919866198215077,-597.1790098199673,44957
