renyi_eff_2.5,renyi_sim_eff_2.5,renyi_eff_3.0,avg_seq_len,vocab_size
0.8055223964216498,0.8055223964216498,0.7871365038096468,-612.2988,380
