renyi_eff_2.5,renyi_sim_eff_2.5,renyi_eff_3.0,avg_seq_len,vocab_size
0.5332750677619863,0.533791543144425,0.49608959357882076,-73.91231923851363,15544
