renyi_eff_2.5,renyi_sim_eff_2.5,renyi_eff_3.0,avg_seq_len,vocab_size
0.49387672690078294,0.498419936176288,0.46662372035727356,-112.0688924218336,12359
