renyi_eff_2.5,renyi_sim_eff_2.5,renyi_eff_3.0,avg_seq_len,vocab_size
0.4920979181602845,0.5011801338407164,0.46683668251579774,-22.80169525828906,31870
