renyi_eff_2.5,renyi_sim_eff_2.5,renyi_eff_3.0,avg_seq_len,vocab_size
0.5537520449586785,0.5570997747598967,0.5237968894053721,-25.073394495412845,4519
