renyi_eff_2.5,renyi_sim_eff_2.5,renyi_eff_3.0,avg_seq_len,vocab_size
0.48777469568702086,0.487774695687021,0.46099544335041936,-317.6526,18450
