renyi_eff_2.5,renyi_sim_eff_2.5,renyi_eff_3.0,avg_seq_len,vocab_size
0.45538628434049305,0.6022911997681769,0.42828078055732266,-38.21239883951748,17566
