renyi_eff_2.5,renyi_sim_eff_2.5,renyi_eff_3.0,avg_seq_len,vocab_size
0.5242419257327103,0.527139541765344,0.4972507098100523,-25.719036697247706,4476
