renyi_eff_2.5,renyi_sim_eff_2.5,renyi_eff_3.0,avg_seq_len,vocab_size
0.42885705408186364,0.43108438661161264,0.3977936675436305,-29.153376205787783,17796
