renyi_eff_2.5,renyi_sim_eff_2.5,renyi_eff_3.0,avg_seq_len,vocab_size
0.7640110461136788,0.764011046113679,0.7463699667791993,-127.66245652571847,417
