renyi_eff_2.5,renyi_sim_eff_2.5,renyi_eff_3.0,avg_seq_len,vocab_size
0.4522931087550678,0.45296133674639316,0.42518258303594575,-710.7593342537199,31304
