renyi_eff_2.5,renyi_sim_eff_2.5,renyi_eff_3.0,avg_seq_len,vocab_size
0.8071476175632271,0.8071476175632268,0.7883186187814475,-85.22639588741283,350
