renyi_eff_2.5,renyi_sim_eff_2.5,renyi_eff_3.0,avg_seq_len,vocab_size
0.5264232025692662,0.5291892715549239,0.4976500001569867,-55.56177924217463,12443
