renyi_eff_2.5,renyi_sim_eff_2.5,renyi_eff_3.0,avg_seq_len,vocab_size
0.13621539101615449,0.1363457444952575,0.1226592262262707,-1156.91491026231,31136
