renyi_eff_2.5,renyi_sim_eff_2.5,renyi_eff_3.0,avg_seq_len,vocab_size
0.7253721534021573,0.7253721534021573,0.6827688233403737,-54.62385321100918,275
