renyi_eff_2.5,renyi_sim_eff_2.5,renyi_eff_3.0,avg_seq_len,vocab_size
0.13781745595211942,0.13841498544441988,0.1240756868515919,-64.17239273171477,18987
