renyi_eff_2.5,renyi_sim_eff_2.5,renyi_eff_3.0,avg_seq_len,vocab_size
0.4658089528757643,0.5960535979569822,0.4386073294700101,-24.853609892301556,7388
