renyi_eff_2.5,renyi_sim_eff_2.5,renyi_eff_3.0,avg_seq_len,vocab_size
0.48685958548285047,0.48689033284137734,0.4600147854923447,-341.93835910335133,31923
