renyi_eff_2.5,renyi_sim_eff_2.5,renyi_eff_3.0,avg_seq_len,vocab_size
0.2153417808876425,0.2153417808876425,0.19395560056349642,-48.92485549132948,4681
