renyi_eff_2.5,renyi_sim_eff_2.5,renyi_eff_3.0,avg_seq_len,vocab_size
0.5469081175284213,0.5498317216732284,0.5160793356994968,-24.09288990825688,4762
