renyi_eff_2.5,renyi_sim_eff_2.5,renyi_eff_3.0,avg_seq_len,vocab_size
0.6091160573676475,0.7172190388030554,0.5750700320677473,-790.8181260229132,3932
