renyi_eff_2.5,renyi_sim_eff_2.5,renyi_eff_3.0,avg_seq_len,vocab_size
0.47800222934317205,0.4798422028612932,0.4492828242365073,-40.73568483737975,13650
