renyi_eff_2.5,renyi_sim_eff_2.5,renyi_eff_3.0,avg_seq_len,vocab_size
0.47623120458048646,0.4874098322841858,0.4419777433056872,-42.71400272378358,21223
