renyi_eff_2.5,renyi_sim_eff_2.5,renyi_eff_3.0,avg_seq_len,vocab_size
0.5081497140615323,0.7305096332389186,0.4833819803683765,-25.85473838647242,30774
