renyi_eff_2.5,renyi_sim_eff_2.5,renyi_eff_3.0,avg_seq_len,vocab_size
0.48564457528309973,0.48602961518940685,0.4552721043193052,-272.7582,24895
