renyi_eff_2.5,renyi_sim_eff_2.5,renyi_eff_3.0,avg_seq_len,vocab_size
0.5931702325076597,0.5950146777011932,0.5621490432037147,-34.93063583815029,4909
