renyi_eff_2.5,renyi_sim_eff_2.5,renyi_eff_3.0,avg_seq_len,vocab_size
0.47807977430113147,0.4783613676824115,0.451422660890316,-605.7858019639934,28856
