renyi_eff_2.5,renyi_sim_eff_2.5,renyi_eff_3.0,avg_seq_len,vocab_size
0.4878068616576537,0.686555159450245,0.4577858910126929,-54.524499795835034,28006
