renyi_eff_2.5,renyi_sim_eff_2.5,renyi_eff_3.0,avg_seq_len,vocab_size
0.6909779713586437,0.692164527132837,0.6625419537307132,-81.28014089072667,29102
