renyi_eff_2.5,renyi_sim_eff_2.5,renyi_eff_3.0,avg_seq_len,vocab_size
0.14443103938571272,0.1446339725946073,0.13005635373680138,-56.367947178871546,14649
