renyi_eff_2.5,renyi_sim_eff_2.5,renyi_eff_3.0,avg_seq_len,vocab_size
0.5116227866816629,0.5117654125388769,0.4744800087165178,-24.07711079822978,29898
