renyi_eff_2.5,renyi_sim_eff_2.5,renyi_eff_3.0,avg_seq_len,vocab_size
0.47700219812621897,0.6690339530246876,0.441901508674029,-42.009335149189056,21399
