renyi_eff_2.5,renyi_sim_eff_2.5,renyi_eff_3.0,avg_seq_len,vocab_size
0.776548243291444,0.776548243291444,0.7589757784348657,-193.85757544611442,448
