renyi_eff_2.5,renyi_sim_eff_2.5,renyi_eff_3.0,avg_seq_len,vocab_size
0.4194674611570802,0.6273313745811678,0.39692518010231215,-268.601,49116
