renyi_eff_2.5,renyi_sim_eff_2.5,renyi_eff_3.0,avg_seq_len,vocab_size
0.39297248407631596,0.5765424412201426,0.36365335640090085,-27.29124412564927,38487
