renyi_eff_2.5,renyi_sim_eff_2.5,renyi_eff_3.0,avg_seq_len,vocab_size
0.4709804348547945,0.6118404417957048,0.4427174785404512,-37.33489556800815,13977
