renyi_eff_2.5,renyi_sim_eff_2.5,renyi_eff_3.0,avg_seq_len,vocab_size
0.4385302877595872,0.5967707349765684,0.4126686594529383,-36.63108871583448,21834
