renyi_eff_2.5,renyi_sim_eff_2.5,renyi_eff_3.0,avg_seq_len,vocab_size
0.5032322614820034,0.5032322614820033,0.47260415211415757,-42.960808265893014,13640
