renyi_eff_2.5,renyi_sim_eff_2.5,renyi_eff_3.0,avg_seq_len,vocab_size
0.5217754375331441,0.7198316225045676,0.49092112675778027,-55.39952960425401,16444
