renyi_eff_2.5,renyi_sim_eff_2.5,renyi_eff_3.0,avg_seq_len,vocab_size
0.4797891828992858,0.48620655344754193,0.452920686757279,-670.0059328968904,21358
