renyi_eff_2.5,renyi_sim_eff_2.5,renyi_eff_3.0,avg_seq_len,vocab_size
0.4548479710908594,0.4667232641755523,0.42794389303499664,-38.249554639385146,17704
