renyi_eff_2.5,renyi_sim_eff_2.5,renyi_eff_3.0,avg_seq_len,vocab_size
0.5320020480070702,0.5326423657483463,0.5067047038042657,-25.242021099762464,30185
