renyi_eff_2.5,renyi_sim_eff_2.5,renyi_eff_3.0,avg_seq_len,vocab_size
0.47248316821626135,0.6325887532893752,0.44351729072392615,-38.74795134117168,18452
