renyi_eff_2.5,renyi_sim_eff_2.5,renyi_eff_3.0,avg_seq_len,vocab_size
0.46285831187943194,0.576764126144,0.43363628669796606,-50.90042101409482,14703
