renyi_eff_2.5,renyi_sim_eff_2.5,renyi_eff_3.0,avg_seq_len,vocab_size
0.782329815624888,0.782329815624888,0.7642100096394909,-93.75061249489588,360
