renyi_eff_2.5,renyi_sim_eff_2.5,renyi_eff_3.0,avg_seq_len,vocab_size
0.13601534611725402,0.1368310183571939,0.12247819972619749,-64.30910571588538,18513
