renyi_eff_2.5,renyi_sim_eff_2.5,renyi_eff_3.0,avg_seq_len,vocab_size
0.5917121369919923,0.7335596247687365,0.5610122240798159,-34.96184971098266,4924
